Threshold,January(Pr),January(Re),February(Pr),February(Rc),March(Pr),March(Rc),April(Pr),April(RC),May(Pr),May(Rc),June(P),June®,July(P),July(Rc),August(Pr),August(Rc),Sept(Pr),Sept(Rc),Oct(Pr),Oct(Rc),Nov(Pr),Nov(Rc),Dec(Pr),Dec(Rc)
0.76,0.748808853616005,0.972103386809269,0.730387050244411,0.974812834224599,0.642327526794838,0.963582887700535,0.62268451894406,0.964117647058824,0.599721686535764,0.975632798573975,0.601282389688091,0.974527629233512,0.611119803308002,0.974741532976827,0.597704162434331,0.975472370766488,0.621253932022848,0.975169340463458,0.608484268612879,0.974919786096257,0.656036857489986,0.972139037433155,0.716287032317926,0.977023172905526
