,J_p,J_r,F_p,F_r,M_p,M_r,A_p,A_r,M_p,M_r,June_p,June_r,July_p,July_r,Aug_p,Aug_r,Sep_p,Sep_r,Oct_p,Oct_r,No_p,No_r,Dec_p,Dec_r
1.36,0.877586417989634,0.766613190730838,0.920097046498105,0.817967914438503,0.945024245205835,0.844171122994652,0.93316282393651,0.884491978609626,0.948989431094137,0.894705882352941,0.921167749611055,0.897112299465241,0.907897357889209,0.893672014260249,0.940488099507371,0.888199643493761,0.944024725274725,0.882032085561497,0.880024481126132,0.87144385026738,0.94349193466572,0.828877005347593,0.888569520069631,0.782495543672014
